scan,clean_std_hu,i0_fit
022_4DCT_Lunge_amplitudebased_complete,8.24,33745
024_4DCT_Lunge_amplitudebased_complete,12.75,133572
032_4DCT_Lunge_amplitudebased_complete,11.02,54639
033_4DCT_Lunge_amplitudebased_complete,13.51,145362
068_4DCT_Lunge_amplitudebased_complete,9.99,26395
074_4DCT_Lunge_amplitudebased_complete,15.55,215428
078_4DCT_Lunge_amplitudebased_complete,18.91,219623
091_4DCT_Lunge_amplitudebased_complete,12.11,83194
092_4DCT_Lunge_amplitudebased_complete,13.87,146304
104_4DCT_Lunge_amplitudebased_complete,15.12,253996
106_4DCT_Lunge_amplitudebased_complete,13.6,90954
109_4DCT_Lunge_amplitudebased_complete,12.33,129875
115_4DCT_Lunge_amplitudebased_complete,15.67,287898
116_4DCT_Lunge_amplitudebased_complete,11.19,191685
121_4DCT_Lunge_amplitudebased_complete,12.53,77217
124_4DCT_Lunge_amplitudebased_complete,16.88,97174
132_4DCT_Lunge_amplitudebased_complete,9.61,52026
142_4DCT_Lunge_amplitudebased_complete,10.73,60608
145_4DCT_Lunge_amplitudebased_complete,10.94,91886
146_4DCT_Lunge_amplitudebased_complete,21.04,196941
520_Lunge_amplitudebased,9.18,80335
522_Lunge_amplitudebased,10.18,41112
523_Lunge_amplitudebased,11.84,143871
525_Lunge_amplitudebased,12.03,204055
528_Lunge_amplitudebased,9.72,91988
532_Lunge_amplitudebased,11.16,189122
536_Lunge_amplitudebased,18.5,590087
540_Lunge_amplitudebased,9.32,43671
542_Lunge_amplitudebased,10.24,29578
543_Lunge_amplitudebased,12.18,101784
544_Lunge_amplitudebased,13.32,179057
545_Lunge_amplitudebased,11.11,109657
546_Lunge_amplitudebased,13.98,274197
547_Lunge_amplitudebased,11.0,214215
550_Lunge_amplitudebased,23.43,60338
551_Lunge_amplitudebased,12.71,70411
552_Lunge_amplitudebased,13.51,55720
553_Lunge_amplitudebased,13.7,136888
555_Lunge_amplitudebased,12.23,45986
561_Lunge_amplitudebased,10.46,151180
562_Lunge_amplitudebased,13.65,192640
563_Lunge_amplitudebased,12.07,421553
