dataset,scan,phases,slices_min,slices_max,spacing_z,spacing_xy,matrix_xy,fov_mm,coverage_mm,slices_resampled,lateral_edge_tissue,lung_window_mode,flag
Inhouse1,022_4DCT_Lunge_amplitudebased_complete,10,159,159,2.0,"(0.977, 0.977)","(512, 512)","(500.2, 500.2)",318.0,127,0.0,-1023.75,
Inhouse1,024_4DCT_Lunge_amplitudebased_complete,10,158,158,2.0,"(0.977, 0.977)","(512, 512)","(500.2, 500.2)",316.0,126,0.0,-1023.75,
Inhouse1,032_4DCT_Lunge_amplitudebased_complete,10,159,159,2.0,"(0.977, 0.977)","(512, 512)","(500.2, 500.2)",318.0,127,0.0,-1023.75,
Inhouse1,033_4DCT_Lunge_amplitudebased_complete,10,158,158,2.0,"(0.977, 0.977)","(512, 512)","(500.2, 500.2)",316.0,126,0.0,-1023.75,
Inhouse1,068_4DCT_Lunge_amplitudebased_complete,10,159,159,2.0,"(0.977, 0.977)","(512, 512)","(500.2, 500.2)",318.0,127,0.0,-1023.75,
Inhouse1,069_4DCT_Lunge_amplitudebased_complete,10,158,159,2.0,"(0.977, 0.977)","(512, 512)","(500.2, 500.2)",316.0,126,0.0,-1001.25,uneven 
Inhouse1,074_4DCT_Lunge_amplitudebased_complete,10,159,159,2.0,"(0.977, 0.977)","(512, 512)","(500.2, 500.2)",318.0,127,0.0,-1023.75,
Inhouse1,078_4DCT_Lunge_amplitudebased_complete,10,159,159,2.0,"(0.977, 0.977)","(512, 512)","(500.2, 500.2)",318.0,127,0.0,-1001.25,
Inhouse1,091_4DCT_Lunge_amplitudebased_complete,10,159,159,2.0,"(0.977, 0.977)","(512, 512)","(500.2, 500.2)",318.0,127,0.0,-1023.75,
Inhouse1,104_4DCT_Lunge_amplitudebased_complete,10,156,156,2.0,"(0.977, 0.977)","(512, 512)","(500.2, 500.2)",312.0,124,0.0,-1023.75,
Inhouse1,106_4DCT_Lunge_amplitudebased_complete,10,159,159,2.0,"(0.977, 0.977)","(512, 512)","(500.2, 500.2)",318.0,127,0.0,-1023.75,
Inhouse1,109_4DCT_Lunge_amplitudebased_complete,10,159,159,2.0,"(0.977, 0.977)","(512, 512)","(500.2, 500.2)",318.0,127,0.001,-1023.75,
Inhouse1,115_4DCT_Lunge_amplitudebased_complete,10,151,151,2.0,"(0.977, 0.977)","(512, 512)","(500.2, 500.2)",302.0,120,0.0,-1023.75,
Inhouse1,116_4DCT_Lunge_amplitudebased_complete,10,159,159,2.0,"(0.977, 0.977)","(512, 512)","(500.2, 500.2)",318.0,127,0.001,-1023.75,
Inhouse1,121_4DCT_Lunge_amplitudebased_complete,10,159,159,2.0,"(0.977, 0.977)","(512, 512)","(500.2, 500.2)",318.0,127,0.0,-1023.75,
Inhouse1,124_4DCT_Lunge_amplitudebased_complete,10,159,159,2.0,"(0.977, 0.977)","(512, 512)","(500.2, 500.2)",318.0,127,0.001,-1023.75,
Inhouse1,132_4DCT_Lunge_amplitudebased_complete,10,159,159,2.0,"(0.977, 0.977)","(512, 512)","(500.2, 500.2)",318.0,127,0.0,-1023.75,
Inhouse1,142_4DCT_Lunge_amplitudebased_complete,10,143,143,2.0,"(0.977, 0.977)","(512, 512)","(500.2, 500.2)",286.0,114,0.0,-1023.75,
Inhouse1,145_4DCT_Lunge_amplitudebased_complete,10,152,152,2.0,"(0.977, 0.977)","(512, 512)","(500.2, 500.2)",304.0,121,0.0,-1001.25,
Inhouse1,146_4DCT_Lunge_amplitudebased_complete,10,159,159,2.0,"(0.977, 0.977)","(512, 512)","(500.2, 500.2)",318.0,127,0.0,-1023.75,
Inhouse1,520_Lunge_amplitudebased,10,189,189,2.0,"(1.171, 1.171)","(512, 512)","(599.6, 599.6)",378.0,151,0.0,-1001.25,
Inhouse1,522_Lunge_amplitudebased,10,199,199,2.0,"(1.172, 1.172)","(512, 512)","(600.1, 600.1)",398.0,159,0.0,-1001.25,
Inhouse1,523_Lunge_amplitudebased,10,183,183,2.0,"(1.172, 1.172)","(512, 512)","(600.1, 600.1)",366.0,146,0.0,-1001.25,
Inhouse1,525_Lunge_amplitudebased,10,174,174,2.0,"(1.172, 1.172)","(512, 512)","(600.1, 600.1)",348.0,139,0.0,-1001.25,
Inhouse1,528_Lunge_amplitudebased,10,198,198,2.0,"(1.171, 1.171)","(512, 512)","(599.6, 599.6)",396.0,158,0.0,-1001.25,
Inhouse1,529_Lunge_amplitudebased,10,33,33,2.0,"(1.171, 1.171)","(512, 512)","(599.6, 599.6)",66.0,26,0.0,-1001.25,short 
Inhouse1,532_Lunge_amplitudebased,10,185,185,2.0,"(1.172, 1.172)","(512, 512)","(600.1, 600.1)",370.0,148,0.0,-1001.25,
Inhouse1,536_Lunge_amplitudebased,10,251,251,2.0,"(1.172, 1.172)","(512, 512)","(600.1, 600.1)",502.0,200,0.0,-1001.25,
Inhouse1,540_Lunge_amplitudebased,10,196,196,2.0,"(1.172, 1.172)","(512, 512)","(600.1, 600.1)",392.0,156,0.0,-1001.25,
Inhouse1,542_Lunge_amplitudebased,10,189,189,2.0,"(1.172, 1.172)","(512, 512)","(600.1, 600.1)",378.0,151,0.0,-1001.25,
Inhouse1,543_Lunge_amplitudebased,10,182,182,2.0,"(1.172, 1.172)","(512, 512)","(600.1, 600.1)",364.0,145,0.0,-1001.25,
Inhouse1,544_Lunge_amplitudebased,10,189,189,2.0,"(1.172, 1.172)","(512, 512)","(600.1, 600.1)",378.0,151,0.0,-1001.25,
Inhouse1,545_Lunge_amplitudebased,10,187,187,2.0,"(1.172, 1.172)","(512, 512)","(600.1, 600.1)",374.0,149,0.0,-1001.25,
Inhouse1,546_Lunge_amplitudebased,10,188,188,2.0,"(1.171, 1.171)","(512, 512)","(599.6, 599.6)",376.0,150,0.0,-1001.25,
Inhouse1,547_Lunge_amplitudebased,10,172,172,2.0,"(1.172, 1.172)","(512, 512)","(600.1, 600.1)",344.0,137,0.0,-1001.25,
Inhouse1,550_Lunge_amplitudebased,10,172,172,2.0,"(1.172, 1.172)","(512, 512)","(600.1, 600.1)",344.0,137,0.0,-1001.25,
Inhouse1,551_Lunge_amplitudebased,10,185,185,2.0,"(1.172, 1.172)","(512, 512)","(600.1, 600.1)",370.0,148,0.0,-1001.25,
Inhouse1,552_Lunge_amplitudebased,10,154,154,2.0,"(1.172, 1.172)","(512, 512)","(600.1, 600.1)",308.0,123,0.0,-1001.25,
Inhouse1,553_Lunge_amplitudebased,10,180,180,2.0,"(1.172, 1.172)","(512, 512)","(600.1, 600.1)",360.0,144,0.0,-1001.25,
Inhouse1,555_Lunge_amplitudebased,10,184,184,2.0,"(1.172, 1.172)","(512, 512)","(600.1, 600.1)",368.0,147,0.0,-1001.25,
Inhouse1,558_Lunge_amplitudebased,10,177,178,2.0,"(1.172, 1.172)","(512, 512)","(600.1, 600.1)",354.0,141,0.0,-1001.25,uneven 
Inhouse1,561_Lunge_amplitudebased,10,172,172,2.0,"(1.172, 1.172)","(512, 512)","(600.1, 600.1)",344.0,137,0.0,-1001.25,
Inhouse1,562_Lunge_amplitudebased,10,178,178,2.0,"(1.172, 1.172)","(512, 512)","(600.1, 600.1)",356.0,142,0.0,-1001.25,
Inhouse1,563_Lunge_amplitudebased,10,172,172,2.0,"(1.172, 1.172)","(512, 512)","(600.1, 600.1)",344.0,137,0.0,-1001.25,
Inhouse1,567_Lunge_amplitudebased,10,102,102,2.0,"(1.172, 1.172)","(512, 512)","(600.1, 600.1)",204.0,81,0.0,-1001.25,
Inhouse1,images,0,0,0,,,,,0.0,0,0.0,-1001.25,phases short 
Inhouse2,case_01,10,94,94,2.5,"(0.97, 0.97)","(256, 256)","(248.3, 248.3)",235.0,94,0.389,-993.75,truncated
Inhouse2,case_02,10,112,112,2.5,"(1.16, 1.16)","(256, 256)","(297.0, 297.0)",280.0,112,0.466,48.75,truncated
Inhouse2,case_03,10,104,104,2.5,"(1.15, 1.15)","(256, 256)","(294.4, 294.4)",260.0,104,0.434,-993.75,truncated
Inhouse2,case_04,10,99,99,2.5,"(1.13, 1.13)","(256, 256)","(289.3, 289.3)",247.5,99,0.585,48.75,truncated
Inhouse2,case_05,10,106,106,2.5,"(1.1, 1.1)","(256, 256)","(281.6, 281.6)",265.0,106,0.529,-993.75,truncated
Inhouse2,case_06,10,128,128,2.5,"(0.97, 0.97)","(512, 512)","(496.6, 496.6)",320.0,128,0.0,-1023.75,
Inhouse2,case_07,10,136,136,2.5,"(0.97, 0.97)","(512, 512)","(496.6, 496.6)",340.0,136,0.001,-1023.75,
Inhouse2,case_08,10,128,128,2.5,"(0.97, 0.97)","(512, 512)","(496.6, 496.6)",320.0,128,0.01,-1023.75,
Inhouse2,case_09,10,128,128,2.5,"(0.97, 0.97)","(512, 512)","(496.6, 496.6)",320.0,128,0.001,-1023.75,
Inhouse2,case_10,10,120,120,2.5,"(0.97, 0.97)","(512, 512)","(496.6, 496.6)",300.0,120,0.0,-1023.75,
