scan,method,mean_hu,std_hu,std_ratio_to_reference
case_01,reference,38.93721389770508,9.921906471252441,1.0
case_01,noisy,40.83050537109375,113.26827239990234,11.415978645644751
case_01,BilateralFilter3D,40.35389709472656,26.13709259033203,2.634281291207611
case_01,BilateralFilter4D,39.889278411865234,17.166730880737305,1.730184711020598
case_01,BilateralFilterSPT4D,39.351158142089844,20.390758514404297,2.055125048143129
case_01,BilateralFilterSPTWeightedCenter4D,39.43030548095703,20.52812957763672,2.0689702767421325
case_01,LearnableFilter4D,40.37308120727539,15.624828338623047,1.5747808532457095
case_01,LearnableFilterSPT4D,39.56160354614258,20.830665588378906,2.0994619984307765
case_01,LearnableFilter4DLUT,38.66060256958008,18.030078887939453,1.8171990373200442
case_01,LearnableFilterSPT4DLUT,36.14214324951172,18.278974533081055,1.8422845030884172
case_02,reference,42.00823974609375,8.72472095489502,1.0
case_02,noisy,43.27400588989258,113.24979400634766,12.980334224077238
case_02,BilateralFilter3D,43.04402160644531,24.324785232543945,2.7880301683340925
case_02,BilateralFilter4D,40.5086555480957,18.49550437927246,2.1198963812012264
case_02,BilateralFilterSPT4D,41.1392707824707,20.883344650268555,2.3935831023400147
case_02,BilateralFilterSPTWeightedCenter4D,41.314781188964844,20.788633346557617,2.3827275914072783
case_02,LearnableFilter4D,40.51435852050781,16.649120330810547,1.9082696646555246
case_02,LearnableFilterSPT4D,41.33917999267578,20.8803653717041,2.393241626826946
case_02,LearnableFilter4DLUT,38.84855270385742,19.490140914916992,2.233898484052033
case_02,LearnableFilterSPT4DLUT,37.75894546508789,18.544572830200195,2.1255204522954663
case_03,reference,38.90694808959961,8.955615997314453,1.0
case_03,noisy,42.63661575317383,109.25764465332031,12.199902796868884
case_03,BilateralFilter3D,41.83854675292969,25.199581146240234,2.813830020603486
case_03,BilateralFilter4D,38.91455841064453,16.95865249633789,1.8936332801030473
case_03,BilateralFilterSPT4D,39.27545928955078,19.93816566467285,2.2263310162753482
case_03,BilateralFilterSPTWeightedCenter4D,39.4650764465332,20.166486740112305,2.251825753377511
case_03,LearnableFilter4D,39.05144500732422,15.299925804138184,1.7084169094260202
case_03,LearnableFilterSPT4D,39.608863830566406,20.403249740600586,2.278263130835329
case_03,LearnableFilter4DLUT,37.65665817260742,17.719493865966797,1.9785901797576397
case_03,LearnableFilterSPT4DLUT,36.25457000732422,18.071758270263672,2.017924649257282
case_04,reference,42.85260772705078,9.790236473083496,1.0
case_04,noisy,45.05411148071289,111.41471099853516,11.380185892838234
case_04,BilateralFilter3D,44.83369445800781,24.593687057495117,2.512062617191225
case_04,BilateralFilter4D,46.13101577758789,17.233806610107422,1.7603054489530146
case_04,BilateralFilterSPT4D,45.85136795043945,19.8466796875,2.0271910430422078
case_04,BilateralFilterSPTWeightedCenter4D,45.81468963623047,20.109163284301758,2.0540017945009095
case_04,LearnableFilter4D,46.47004318237305,15.435699462890625,1.5766421480551893
case_04,LearnableFilterSPT4D,45.76445770263672,20.30378532409668,2.073880991528479
case_04,LearnableFilter4DLUT,44.17306137084961,17.889007568359375,1.8272293644328206
case_04,LearnableFilterSPT4DLUT,41.87920379638672,17.96074104309082,1.8345564065250788
case_05,reference,40.466552734375,13.632711410522461,1.0
case_05,noisy,42.17055892944336,107.64356231689453,7.89597601499944
case_05,BilateralFilter3D,42.81059646606445,26.359481811523438,1.933546527741926
case_05,BilateralFilter4D,42.43865203857422,18.344158172607422,1.3455986575383978
case_05,BilateralFilterSPT4D,42.14093017578125,20.546663284301758,1.5071589697441066
case_05,BilateralFilterSPTWeightedCenter4D,42.1964111328125,20.74237632751465,1.521515104581805
case_05,LearnableFilter4D,42.64566421508789,16.53901481628418,1.2131860140102781
case_05,LearnableFilterSPT4D,42.30859375,20.96855926513672,1.5381062969580692
case_05,LearnableFilter4DLUT,40.725059509277344,19.22001838684082,1.4098456138377413
case_05,LearnableFilterSPT4DLUT,38.943050384521484,18.887645721435547,1.3854650885411572
case_06,reference,48.76534652709961,16.22039031982422,1.0
case_06,noisy,50.16825485229492,114.51447296142578,7.0599085905761845
case_06,BilateralFilter3D,50.11375045776367,24.049901962280273,1.4826956372860516
case_06,BilateralFilter4D,49.08598709106445,15.60157299041748,0.9618494180962814
case_06,BilateralFilterSPT4D,49.21791458129883,18.819425582885742,1.160232596862052
case_06,BilateralFilterSPTWeightedCenter4D,49.3150749206543,18.959421157836914,1.1688634357130796
case_06,LearnableFilter4D,49.25380325317383,14.19917106628418,0.875390220969606
case_06,LearnableFilterSPT4D,49.34177017211914,19.0206356048584,1.1726373551943308
case_06,LearnableFilter4DLUT,47.34446334838867,16.628097534179688,1.0251354749371955
case_06,LearnableFilterSPT4DLUT,44.67915344238281,16.822044372558594,1.0370924522080733
case_07,reference,45.06281280517578,12.93291187286377,1.0
case_07,noisy,46.8057746887207,102.35279846191406,7.914134068807337
case_07,BilateralFilter3D,47.43836212158203,22.368162155151367,1.7295534350686272
case_07,BilateralFilter4D,45.947486877441406,14.25631046295166,1.1023279678310254
case_07,BilateralFilterSPT4D,46.37747573852539,16.829450607299805,1.3012885862627637
case_07,BilateralFilterSPTWeightedCenter4D,46.505165100097656,17.030963897705078,1.3168700185331013
case_07,LearnableFilter4D,45.87510299682617,13.135040283203125,1.0156289946399053
case_07,LearnableFilterSPT4D,46.51079177856445,17.357891082763672,1.342148717427243
case_07,LearnableFilter4DLUT,44.36000442504883,15.540260314941406,1.2016056761005582
case_07,LearnableFilterSPT4DLUT,42.68880081176758,15.592178344726562,1.2056200875722773
case_08,reference,36.17850875854492,12.519947052001953,1.0
case_08,noisy,43.36992263793945,106.29280090332031,8.489876232050356
case_08,BilateralFilter3D,42.41386032104492,25.90022087097168,2.0687164860517684
case_08,BilateralFilter4D,38.4993782043457,19.23151397705078,1.5360699128496427
case_08,BilateralFilterSPT4D,39.76808166503906,21.631103515625,1.7277312296753016
case_08,BilateralFilterSPTWeightedCenter4D,40.071048736572266,21.61825180053711,1.7267047305188346
case_08,LearnableFilter4D,37.764076232910156,16.783477783203125,1.340539038503316
case_08,LearnableFilterSPT4D,40.0320930480957,21.61033058166504,1.726072042629727
case_08,LearnableFilter4DLUT,36.095542907714844,19.219085693359375,1.5350772342352856
case_08,LearnableFilterSPT4DLUT,36.89539337158203,19.28035545349121,1.5399710057406562
case_09,reference,40.850223541259766,11.46808910369873,1.0
case_09,noisy,40.77898025512695,107.5604019165039,9.379104133557275
case_09,BilateralFilter3D,41.85792922973633,24.01066017150879,2.0936931998343806
case_09,BilateralFilter4D,41.985137939453125,16.398286819458008,1.4299057734186222
case_09,BilateralFilterSPT4D,41.695316314697266,19.281736373901367,1.6813382072243013
case_09,BilateralFilterSPTWeightedCenter4D,41.728965759277344,19.386417388916016,1.690466233181205
case_09,LearnableFilter4D,42.32230758666992,14.669869422912598,1.2791903943422638
case_09,LearnableFilterSPT4D,41.722599029541016,19.492713928222656,1.699735130409459
case_09,LearnableFilter4DLUT,40.61467361450195,17.096088409423828,1.4907530151566344
case_09,LearnableFilterSPT4DLUT,38.32765197753906,17.37805938720703,1.5153404573393308
case_10,reference,39.89815139770508,11.208834648132324,1.0
case_10,noisy,43.8634147644043,102.22734069824219,9.120247011162382
case_10,BilateralFilter3D,44.31423568725586,22.61599349975586,2.0176935613484366
case_10,BilateralFilter4D,44.62601089477539,15.578665733337402,1.3898559682949023
case_10,BilateralFilterSPT4D,44.54147720336914,18.956226348876953,1.6911861887476
case_10,BilateralFilterSPTWeightedCenter4D,44.47829818725586,19.183696746826172,1.7114800377595598
case_10,LearnableFilter4D,44.33650207519531,14.317144393920898,1.2773089124217296
case_10,LearnableFilterSPT4D,44.49733352661133,19.166650772094727,1.709959275319346
case_10,LearnableFilter4DLUT,43.02545166015625,16.644392013549805,1.484935101288445
case_10,LearnableFilterSPT4DLUT,41.03519058227539,17.022737503051758,1.5186893229697325
